{
    "range": {
        "x": 1.5999999046325684,
        "y": 1.9999995231628419
    },
    "spawnRate": 0.17000000178813935
}